City_ID,City,Lat,Lng,Max Temp,Humidity,Cloudiness,Wind Speed,Country,Date
0,masvingo,-20.0637,30.8277,23.03,25,0,5.21,ZW,1726449518
1,ilulissat,69.2167,-51.1,-1.47,81,100,2.33,GL,1726449520
2,alice springs,-23.7,133.8833,14.75,20,100,6.69,AU,1726449275
3,sao gabriel da cachoeira,-0.1303,-67.0892,26.33,72,6,1.07,BR,1726449522
4,albina,5.5,-54.05,24.5,86,80,2.03,SR,1726449523
5,ushuaia,-54.8,-68.3,1.81,75,0,3.09,AR,1726449524
6,adamstown,-25.066,-130.1015,20.22,83,100,5.86,PN,1726449525
7,nemuro,43.3236,145.575,16.74,72,0,3.66,JP,1726449240
8,ocos,14.5094,-92.1933,29.3,76,100,2.25,GT,1726449527
9,ribeira grande,38.5167,-28.7,23.21,82,100,4.02,PT,1726449528
10,vrontados,38.4089,26.1328,20.36,55,0,0.91,GR,1726449529
11,maintirano,-18.0667,44.0167,23.57,81,28,1.85,MG,1726449531
12,saint-philippe,-21.3585,55.7679,19.46,68,44,5.83,RE,1726449532
13,port-aux-francais,-49.35,70.2167,2.64,77,100,15.06,TF,1726449236
14,bilibino,68.0546,166.4372,1.59,99,100,2.87,RU,1726449534
15,sosnovo-ozerskoye,52.5249,111.5418,7.25,61,0,7.09,RU,1726449535
16,bethel,41.3712,-73.414,18.28,82,0,0.45,US,1726449536
17,cidreira,-30.1811,-50.2056,15.79,84,100,3.97,BR,1726449537
18,puerto ayora,-0.7393,-90.3518,20.86,95,70,2.68,EC,1726449538
19,coroata,-4.13,-44.1242,26.79,54,1,2.4,BR,1726449539
20,callao,-12.0667,-77.15,17.62,82,100,2.06,PE,1726449540
21,itoman,26.1247,127.6694,32.01,81,75,8.75,JP,1726449541
22,huarmey,-10.0681,-78.1522,17.09,85,87,3.59,PE,1726449543
23,whitehorse,60.7161,-135.0538,12.12,77,99,1.79,CA,1726449250
24,grytviken,-54.2811,-36.5092,-2.55,84,98,5.28,GS,1726449546
25,san juanito,28.0,-107.5833,17.38,76,60,3.53,MX,1726449547
26,hamilton,39.1834,-84.5333,25.56,45,0,2.06,US,1726449548
27,bredasdorp,-34.5322,20.0403,9.62,83,100,1.99,ZA,1726449549
28,mirny,62.5353,113.9611,1.72,64,6,3.51,RU,1726449550
29,upper hutt,-41.1383,175.0502,11.51,99,100,3.05,NZ,1726449551
30,waitangi,-43.9535,-176.5597,11.57,86,22,0.89,NZ,1726449552
31,klyuchi,52.2667,79.1667,3.14,71,0,5.74,RU,1726449554
32,west island,-12.1568,96.8225,26.99,78,20,5.66,CC,1726449555
33,ubari,26.5921,12.7805,30.07,37,2,2.52,LY,1726449556
34,hermanus,-34.4187,19.2345,11.56,67,98,2.48,ZA,1726449557
35,haiku-pauwela,20.9219,-156.3051,30.12,66,20,7.72,US,1726449558
36,atafu village,-8.5421,-172.5159,28.19,75,9,3.86,TK,1726449559
37,usogorsk,63.4106,48.6872,13.69,95,60,1.69,RU,1726449560
38,estacion coahuila,32.1939,-115.0017,34.79,24,0,8.22,MX,1726449561
39,fortuna,40.5982,-124.1573,16.63,79,100,6.17,US,1726449562
40,puerto natales,-51.7236,-72.4875,4.98,84,92,4.9,CL,1726449563
41,wanning,18.8003,110.3967,27.71,79,3,2.32,CN,1726449564
42,alto araguaia,-17.3147,-53.2153,26.35,28,69,1.96,BR,1726449566
43,kaduy,59.2,37.15,13.92,62,100,1.79,RU,1726449567
44,butte,39.6499,-121.5677,25.01,40,0,7.2,US,1726449568
45,santa maria,-29.6842,-53.8069,12.41,87,23,2.39,BR,1726449569
46,geraldton,-28.7667,114.6,19.23,42,0,9.77,AU,1726449570
47,papatowai,-46.5619,169.4708,8.62,56,100,2.58,NZ,1726449571
48,remire-montjoly,4.9167,-52.2667,27.02,89,0,3.09,GF,1726449572
49,port mathurin,-19.6833,63.4167,21.07,65,24,10.96,MU,1726449573
50,new norfolk,-42.7826,147.0587,12.18,52,72,3.77,AU,1726449574
51,thompson,55.7435,-97.8558,16.09,67,20,2.06,CA,1726449575
52,wailua homesteads,22.0669,-159.378,28.44,71,20,6.17,US,1726449577
53,cole harbour,44.6724,-63.4751,15.71,79,6,2.24,CA,1726449578
54,blackmans bay,-43.0167,147.3167,11.52,67,76,4.02,AU,1726449579
55,ancud,-41.8697,-73.8203,6.96,87,1,1.39,CL,1726449580
56,iskateley,67.6803,53.1512,14.14,77,100,3.14,RU,1726449581
57,minab,27.1467,57.0801,28.96,74,0,1.45,IR,1726449582
58,shiyan,32.6475,110.7781,20.16,86,100,0.8,CN,1726449583
59,nova olimpia,-14.7972,-57.2881,27.07,44,0,1.48,BR,1726449586
60,marquelia,16.5833,-98.8167,28.46,81,86,2.21,MX,1726449587
61,kasane,-17.8167,25.15,21.9,25,1,2.33,BW,1726449588
62,melfort,52.8667,-104.6177,18.07,59,99,3.6,CA,1726449589
63,san pablo,14.0669,121.3258,26.61,89,100,2.26,PH,1726449590
64,namtsy,62.7161,129.6658,5.56,56,4,2.04,RU,1726449591
65,whakatane,-37.9585,176.9854,16.4,80,100,2.68,NZ,1726449592
66,labrador city,52.9463,-66.9114,17.95,72,75,4.92,CA,1726449593
67,keetmanshoop,-26.5833,18.1333,11.51,32,0,1.54,NA,1726449594
68,ust-nera,64.5667,143.2,3.83,66,85,1.94,RU,1726449596
69,aktau,43.65,51.2,13.32,44,0,4.09,KZ,1726449597
70,salinopolis,-0.6136,-47.3561,26.79,79,80,5.67,BR,1726449598
71,as sulayyil,20.4607,45.5779,29.94,20,0,2.62,SA,1726449599
72,saint-denis,48.9167,2.3333,13.27,82,0,3.09,FR,1726449600
73,chulakkurgan,43.765,69.1814,11.14,62,78,1.03,KZ,1726449601
74,enewetak,11.3474,162.3373,28.68,81,100,6.75,MH,1726449602
75,avarua,-21.2078,-159.775,26.03,65,20,6.69,CK,1726449603
76,lhokseumawe,5.1801,97.1507,26.63,76,100,1.1,ID,1726449604
77,badger,64.8,-147.5333,11.1,82,75,4.63,US,1726449605
78,masuguru,-11.3667,38.4167,21.78,76,0,1.89,TZ,1726449606
79,utrik,11.2278,169.8474,28.62,75,100,4.4,MH,1726449608
80,pilar,-9.5972,-35.9567,20.96,94,0,0.38,BR,1726449609
81,kristiansund,63.1115,7.732,11.74,93,100,1.03,NO,1726449610
82,polyarnyye zori,67.3661,32.4981,9.82,99,100,0.17,RU,1726449611
83,yellowknife,62.456,-114.3525,12.45,88,20,5.66,CA,1726449612
84,keflavik,64.0049,-22.5624,5.24,70,0,3.6,IS,1726449613
85,college,64.8569,-147.8028,11.15,74,75,4.63,US,1726449614
86,kalmunai,7.4167,81.8167,27.4,76,100,2.67,LK,1726449615
87,duba,27.3513,35.6901,30.65,49,0,4.17,SA,1726449616
88,petropavlovsk-kamchatsky,53.0452,158.6483,13.33,38,20,8.0,RU,1726449617
89,stanley,54.868,-1.6985,8.01,93,0,3.09,GB,1726449619
90,edinburgh of the seven seas,-37.0676,-12.3116,14.72,90,100,13.47,SH,1726449621
91,fort bragg,35.139,-79.006,22.91,86,100,6.17,US,1726449622
92,pleiku,13.9833,108.0,21.34,99,100,0.9,VN,1726449623
93,kavaratti,10.5669,72.642,26.43,86,59,4.4,IN,1726449624
94,luderitz,-26.6481,15.1594,11.85,74,0,9.1,NA,1726449625
95,escarcega,18.6089,-90.7454,28.78,66,66,2.37,MX,1726449627
96,pacific grove,36.6177,-121.9166,17.06,89,20,6.17,US,1726449628
97,saldanha,-33.0117,17.9442,12.43,82,32,7.09,ZA,1726449629
98,soio,-6.1349,12.3689,23.3,90,100,3.02,AO,1726449631
99,lobujya,27.95,86.8167,1.63,84,75,0.28,NP,1726449632
100,castillos,-34.1667,-53.8333,7.33,89,48,2.41,UY,1726449633
101,albany,42.6001,-73.9662,21.55,61,62,1.65,US,1726449204
102,kone,-21.0595,164.8658,22.89,57,89,4.01,NC,1726449637
103,puerto aysen,-45.4,-72.7,4.75,100,100,2.68,CL,1726449638
104,at taj,24.2049,23.2857,29.87,36,2,4.68,LY,1726449639
105,port saint john's,-31.6229,29.5448,18.78,86,69,1.85,ZA,1726449641
106,la passe,45.5549,-0.8967,12.5,61,20,4.39,FR,1726449642
107,hinojosa del duque,38.5006,-5.1465,20.08,28,10,1.1,ES,1726449643
108,touros,-5.1989,-35.4608,25.24,75,5,7.21,BR,1726449644
109,kiunga,-6.1219,141.2906,23.94,99,100,0.91,PG,1726449645
110,yeppoon,-23.1333,150.7333,19.16,77,100,9.72,AU,1726449646
111,alotau,-10.3069,150.4462,24.91,95,100,2.16,PG,1726449647
112,georgetown,5.4112,100.3354,25.96,89,20,0.0,MY,1726449405
113,kodiak,57.79,-152.4072,16.73,42,40,6.69,US,1726449649
114,san antonio de pale,-1.4014,5.6325,24.35,86,61,4.79,GQ,1726449650
115,talnakh,69.4865,88.3972,4.33,73,100,4.13,RU,1726449652
116,tongouson,5.0214,120.1328,28.37,81,100,8.33,PH,1726449653
117,tazovsky,67.4667,78.7,7.54,65,100,6.36,RU,1726449654
118,iqaluit,63.7506,-68.5145,3.85,86,100,7.72,CA,1726449655
119,lebu,-37.6167,-73.65,8.54,91,66,6.08,CL,1726449656
120,saudarkrokur,65.7461,-19.6394,1.42,83,99,2.42,IS,1726449657
121,anadyr,64.75,177.4833,9.28,66,20,3.0,RU,1726449658
122,san patricio,28.017,-97.5169,27.97,83,100,2.4,US,1726449659
123,luanda,-8.8368,13.2343,22.0,88,75,2.06,AO,1726449660
124,veinticinco de mayo,-35.4323,-60.1727,9.43,70,0,0.89,AR,1726449661
125,paphos,34.7667,32.4167,25.88,57,75,8.23,CY,1726449663
126,nova venecia,-18.7106,-40.4006,21.58,89,59,2.09,BR,1726449664
127,gadzhiyevo,69.2551,33.3362,9.64,98,100,1.66,RU,1726449665
128,jamestown,42.097,-79.2353,21.8,75,0,1.54,US,1726449434
129,pisco,-13.7,-76.2167,16.12,88,20,4.12,PE,1726449667
130,sitka,57.0531,-135.33,13.94,88,100,4.12,US,1726449668
131,carnarvon,-24.8667,113.6333,22.51,32,0,10.66,AU,1726449669
132,hawaiian paradise park,19.5933,-154.9731,27.73,82,100,4.12,US,1726449670
133,invercargill,-46.4,168.35,11.12,61,100,3.58,NZ,1726449671
134,greymouth,-42.4667,171.2,11.34,52,9,2.63,NZ,1726449672
135,port elizabeth,-33.918,25.5701,15.73,91,0,3.6,ZA,1726449674
136,augusto correa,-1.0217,-46.635,25.66,80,30,2.73,BR,1726449676
137,naze,28.3667,129.4833,29.51,86,0,5.7,JP,1726449678
138,ulysses,37.5814,-101.3552,31.02,30,0,8.75,US,1726449679
139,kyakhta,50.3508,106.4494,7.72,72,7,0.99,RU,1726449680
140,hakha,22.65,93.6167,18.19,98,97,0.45,MM,1726449681
141,lerwick,60.1545,-1.1494,11.19,88,78,5.51,GB,1726449682
142,cabo san lucas,22.8909,-109.9124,27.51,83,20,10.29,MX,1726449542
143,juan griego,11.0817,-63.9655,30.07,79,17,5.14,VE,1726449686
144,egilsstadir,65.2653,-14.3948,0.95,80,16,5.14,IS,1726449687
145,ebon,4.582,168.6964,27.8,70,30,1.1,MH,1726449688
146,khash,28.2211,61.2158,21.38,31,2,0.42,IR,1726449689
147,tiksi,71.6872,128.8694,1.88,75,100,7.63,RU,1726449690
148,qaqortoq,60.7167,-46.0333,4.58,94,100,1.46,GL,1726449691
149,aripuana,-9.1667,-60.6333,27.1,56,4,1.36,BR,1726449692
150,babayurt,43.6002,46.7789,16.06,74,0,4.92,RU,1726449693
151,kirensk,57.7853,108.1119,3.34,87,98,4.61,RU,1726449694
152,isafjordur,66.0755,-23.124,2.88,66,100,1.96,IS,1726449696
153,katsuren-haebaru,26.3369,127.8719,32.01,82,40,8.75,JP,1726449698
154,la libertad,-2.2333,-80.9,20.76,85,99,5.26,EC,1726449699
155,mokhsogollokh,61.4681,128.9203,6.09,48,11,1.3,RU,1726449700
156,broken hill,-31.95,141.4333,12.99,35,0,7.21,AU,1726449701
157,kenai,60.5544,-151.2583,13.9,74,0,11.83,US,1726449702
158,vilyuchinsk,52.9306,158.4028,14.15,58,21,8.35,RU,1726449703
159,puerto el triunfo,13.2833,-88.55,28.39,79,100,1.97,SV,1726449704
160,tadine,-21.55,167.8833,22.81,56,6,6.3,NC,1726449705
161,taveta,-3.3963,37.6736,18.25,83,50,1.46,KE,1726449706
162,taulaga,-11.0553,-171.0883,27.94,77,100,5.92,AS,1726449708
163,zaragoza,41.6561,-0.8773,15.57,41,0,7.2,ES,1726449709
164,emerald,-23.5333,148.1667,22.97,36,0,5.46,AU,1726449710
165,kathu,7.9178,98.3332,28.16,98,100,8.8,TH,1726449711
166,yeosu,34.7546,127.6599,25.29,87,100,7.96,KR,1726449712
167,kavalerovo,44.2661,135.0572,18.41,40,100,1.88,RU,1726449713
168,dompu,-8.5356,118.4622,30.1,50,81,2.04,ID,1726449714
169,crane,31.3974,-102.3501,27.12,36,0,7.72,US,1726449715
170,castro,-24.7911,-50.0119,11.8,98,100,3.18,BR,1726449716
171,sinop,41.7711,34.8709,16.21,94,20,2.01,TR,1726449717
172,paradip garh,20.3167,86.6167,26.53,80,100,6.26,IN,1726449719
173,barra de santo antonio,-9.4047,-35.5072,24.47,83,46,5.23,BR,1726449720
174,mont-dore,-22.2833,166.5833,21.29,55,89,5.31,NC,1726449721
175,eyl,7.9803,49.8164,24.99,67,50,8.7,SO,1726449722
176,angaur state,6.906,134.13,29.0,81,96,9.38,PW,1726449723
177,hobyo,5.3505,48.5268,24.4,82,16,9.86,SO,1726449724
178,quellon,-43.1167,-73.6167,5.88,92,61,2.38,CL,1726449725
179,onguday,50.75,86.15,4.61,95,100,1.72,RU,1726449726
180,tsiombe,-25.3,45.4833,19.82,70,5,0.66,MG,1726449727
181,illizi,26.4833,8.4667,31.61,31,0,2.89,DZ,1726449729
182,fatwa,25.5167,85.3167,29.05,84,100,7.18,IN,1726449730
183,ust-tsilma,65.441,52.1498,13.2,93,44,1.81,RU,1726449731
184,sitamau,24.0167,75.35,20.69,89,85,3.51,IN,1726449732
185,st. john's,47.5649,-52.7093,9.2,85,20,3.6,CA,1726449733
186,kerikeri,-35.2268,173.9474,13.84,84,100,2.68,NZ,1726449734
187,camiri,-20.05,-63.5167,16.14,46,34,1.52,BO,1726449735
188,bardai,11.65,7.2333,21.94,92,12,3.07,NG,1726449736
189,mwatate,-3.5029,38.3795,18.03,86,85,3.57,KE,1726449737
190,las tablas,7.7667,-80.2833,27.32,99,100,0.52,PA,1726449669
191,devils lake,48.1128,-98.8651,23.3,62,0,2.57,US,1726449467
192,aasiaat,68.7098,-52.8699,-2.13,94,100,1.86,GL,1726449741
193,mananjary,-21.2167,48.3333,18.06,84,0,2.97,MG,1726449742
194,margaret river,-33.95,115.0667,14.83,58,0,6.09,AU,1726449743
195,parun,35.4207,70.9221,5.74,66,1,1.58,AF,1726449744
196,sao joao da barra,-21.6403,-41.0511,22.45,90,20,4.53,BR,1726449745
197,hirara,24.8,125.2833,30.92,84,75,6.69,JP,1726449746
198,bhabhra,22.5333,74.3333,20.64,92,10,2.05,IN,1726449747
199,kamiichi,36.7,137.3667,28.15,84,75,1.03,JP,1726449748
200,qarqaraly,49.4058,75.4742,6.87,91,100,6.43,KZ,1726449749
201,tabou,4.423,-7.3528,24.05,88,94,3.65,CI,1726449750
202,bikenibeu village,1.3673,173.1241,30.98,70,20,4.63,KI,1726449752
203,hammerfest,70.6634,23.6821,8.25,61,91,0.0,NO,1726449753
204,papao,-17.75,-149.55,26.82,81,41,3.43,PF,1726449754
205,spisska nova ves,48.9446,20.5615,11.61,84,100,2.09,SK,1726449755
206,bairnsdale,-37.8333,147.6167,14.47,67,99,2.24,AU,1726449756
207,kuraymah,18.55,31.85,31.6,22,5,4.73,SD,1726449757
208,terrace,54.5163,-128.6035,14.95,72,100,5.66,CA,1726449758
209,holbrook,40.8123,-73.0784,18.68,80,0,2.06,US,1726449759
210,palikir - national government center,6.9248,158.1611,27.47,83,100,2.06,FM,1726449761
211,stara syniava,49.6032,27.6191,18.38,39,100,8.77,UA,1726449762
212,tra vinh,9.9347,106.3453,27.0,85,100,4.12,VN,1726449763
213,nsanje,-16.92,35.262,25.58,53,0,0.98,MW,1726449764
214,sant'antioco,39.0664,8.4522,18.67,67,0,4.87,IT,1726449765
215,tura,25.5198,90.2201,23.81,89,100,1.76,IN,1726449766
216,dakhla,23.6848,-15.958,19.88,92,0,7.31,EH,1726449767
217,taroa,8.7058,171.2275,27.33,76,90,0.31,MH,1726449768
218,mumford,5.2618,-0.759,23.34,92,2,4.87,GH,1726449769
219,dunedin,-45.8742,170.5036,7.31,76,43,0.6,NZ,1726449685
220,xining,36.6167,101.7667,13.27,89,99,0.99,CN,1726449772
221,coquimbo,-29.9533,-71.3436,11.85,93,0,2.06,CL,1726449773
222,lazaro cardenas,17.9583,-102.2,28.32,82,100,1.79,MX,1726449774
223,selfoss,63.9331,-20.9971,3.36,68,100,3.4,IS,1726449775
224,olonkinbyen,70.9221,-8.7187,2.49,96,100,11.03,SJ,1726449776
225,ambon,-3.6954,128.1814,28.08,83,40,2.57,ID,1726449777
226,berezovyy,51.6667,135.7,15.8,50,100,2.52,RU,1726449778
227,qujing,25.4833,103.7833,17.63,87,100,1.32,CN,1726449779
228,mugia,43.1041,-9.2179,14.95,69,82,9.82,ES,1726449780
229,luwuk,-0.9516,122.7875,24.16,83,100,2.43,ID,1726449781
230,wadowice,49.8834,19.4929,12.21,99,100,1.83,PL,1726449783
231,bandarbeyla,9.4942,50.8122,24.52,75,20,11.08,SO,1726449784
232,leskovac,42.9981,21.9461,10.08,91,100,0.29,RS,1726449785
233,floro,61.5996,5.0328,10.98,100,16,2.57,NO,1726449786
234,kapa'a,22.0752,-159.319,29.18,69,20,6.17,US,1726449738
235,le luc,43.3932,6.3147,15.02,87,0,1.03,FR,1726449788
236,pasighat,28.0667,95.3333,27.14,78,68,0.17,IN,1726449790
237,flekkefjord,58.2971,6.6607,11.39,98,100,0.95,NO,1726449791
238,brookings,44.3114,-96.7984,24.54,72,0,4.12,US,1726449793
239,necochea,-38.5473,-58.7368,6.83,70,7,1.51,AR,1726449794
240,san juan,-31.5375,-68.5364,20.3,22,0,4.37,AR,1726449795
241,okha,53.5739,142.9478,14.26,50,6,4.7,RU,1726449587
242,osh,40.5151,72.8083,12.36,62,0,2.0,KG,1726449797
243,sao lourenco do sul,-31.3653,-51.9783,14.53,82,98,2.61,BR,1726449798
244,nova vicosa,-17.8919,-39.3719,23.37,83,100,4.1,BR,1726449799
245,moussoro,13.6408,16.4901,26.18,68,100,7.06,TD,1726449800
246,alofi,-19.0595,-169.9187,27.94,74,20,5.14,NU,1726449801
247,newman,37.3138,-121.0208,23.91,35,100,4.02,US,1726449802
248,saipan,15.1355,145.701,27.39,89,100,10.29,MP,1726449803
249,vila franca do campo,37.7167,-25.4333,21.23,81,0,3.34,PT,1726449805
250,gunnedah,-30.9833,150.25,16.48,29,0,2.89,AU,1726449806
251,chibougamau,49.9168,-74.3659,17.79,82,0,3.09,CA,1726449807
252,longyearbyen,78.2186,15.6401,4.93,96,100,2.51,SJ,1726449582
253,bengkulu,-3.8004,102.2655,26.06,81,2,1.36,ID,1726449809
254,buriti alegre,-18.14,-49.0403,24.06,28,6,2.21,BR,1726449810
255,zalingei,12.9096,23.4741,20.4,87,100,1.97,SD,1726449811
256,kalanaur,28.8333,76.4,25.4,69,3,1.74,IN,1726449812
257,miracema do tocantins,-9.5618,-48.3967,29.5,25,0,2.14,BR,1726449813
258,arkhangel'sk,64.5401,40.5433,15.06,72,40,2.0,RU,1726449815
259,mogocha,53.7333,119.7667,11.64,80,34,3.26,RU,1726449816
260,san jose del guaviare,2.5729,-72.6459,27.06,69,16,1.28,CO,1726449817
261,pirapora do bom jesus,-23.3969,-47.0022,17.76,90,100,3.65,BR,1726449818
262,mihaesti,45.0333,24.25,9.17,94,100,1.42,RO,1726449819
263,punta arenas,-53.15,-70.9167,4.06,87,20,8.23,CL,1726449820
264,ischia porto,40.7333,13.95,21.2,68,8,0.89,IT,1726449821
265,capayan,-28.761,-66.0502,18.67,32,0,5.93,AR,1726449822
266,borba,-4.3878,-59.5939,31.54,40,44,0.99,BR,1726449823
267,tobelo,1.7284,128.0095,29.17,63,82,2.86,ID,1726449824
268,aldinga beach,-35.2793,138.4604,13.69,56,0,2.49,AU,1726449826
269,lensk,60.7253,114.9278,2.73,82,100,4.28,RU,1726449827
270,sassandra,4.95,-6.0833,22.45,95,89,2.55,CI,1726449828
271,buulobarde,3.8538,45.5674,23.58,82,48,5.99,SO,1726449829
272,belgrade,44.804,20.4651,10.19,94,75,7.2,RS,1726449600
273,queenstown,-31.8976,26.8753,12.62,84,100,2.92,ZA,1726449831
274,kingston,17.997,-76.7936,30.53,74,20,4.12,JM,1726449832
275,kolonia,50.9333,6.95,16.08,85,100,0.51,DE,1726449833
276,valdivia,-39.8142,-73.2459,6.05,90,1,0.95,CL,1726449834
277,pimenta bueno,-11.6725,-61.1936,29.23,37,26,1.05,BR,1726449835
278,selydove,48.1471,37.3003,19.35,37,0,7.15,UA,1726449837
279,yuzhno-kurilsk,44.0306,145.8556,17.79,63,0,7.0,RU,1726449839
280,ugoofaaru,5.6667,73.0,27.99,76,11,3.63,MV,1726449840
281,vorgashor,67.5833,63.95,12.17,98,98,3.88,RU,1726449841
282,kayangel,8.0823,134.7173,28.69,80,100,11.11,PW,1726449842
283,copala,16.65,-98.9833,27.27,83,82,2.19,MX,1726449843
284,kirchenviertel,47.1362,15.3457,12.57,76,75,4.63,AT,1726449844
285,mogadishu,2.0371,45.3438,25.12,84,77,7.35,SO,1726449583
286,belmonte,-15.8631,-38.8828,22.51,87,32,2.54,BR,1726449848
287,cam ranh,11.9214,109.1591,29.98,70,20,1.54,VN,1726449849
288,nizhnesortymskiy,62.4397,71.7603,4.44,65,43,3.53,RU,1726449850
289,noumea,-22.2763,166.4572,20.99,57,92,4.83,NC,1726449851
290,ballycastle,55.2044,-6.243,9.5,89,89,1.65,GB,1726449852
291,ilovlya,49.3033,43.9796,16.23,47,0,3.94,RU,1726449853
292,griffith,41.5284,-87.4237,23.3,75,0,1.54,US,1726449854
293,recani,31.2846,-4.2688,24.62,48,100,6.61,MA,1726449855
294,adler,43.43,39.92,21.09,73,90,4.0,RU,1726449857
295,zouerate,22.7187,-12.4521,33.63,22,100,4.05,MR,1726449858
296,oppdal,62.5943,9.6912,8.83,93,100,1.77,NO,1726449859
297,tarasovskiy,48.7292,40.3636,16.95,41,0,5.98,RU,1726449860
298,korla,41.7597,86.1469,19.89,35,6,1.4,CN,1726449861
299,rio rancho,35.2334,-106.6645,27.07,29,75,4.12,US,1726449862
300,colonia,50.9333,6.95,16.08,85,100,0.51,DE,1726449833
301,nandu,22.8525,110.8233,26.9,83,61,1.34,CN,1726449864
302,howard springs,-12.497,131.047,31.6,63,100,1.99,AU,1726449865
303,fredericton,45.9454,-66.6656,13.47,82,0,3.09,CA,1726449867
304,nar'yan-mar,67.6713,53.087,14.17,77,100,3.15,RU,1726449868
305,pont rouge,48.8833,-72.0825,18.16,79,96,1.79,CA,1726449869
306,port shepstone,-30.7414,30.455,18.47,86,100,1.29,ZA,1726449870
307,la'ie,21.6477,-157.9253,30.98,71,16,2.68,US,1726449871
308,buka,40.8108,69.1986,15.92,32,77,1.7,UZ,1726449872
309,ketchikan,55.3422,-131.6461,12.26,94,100,6.69,US,1726449873
310,port alfred,-33.5906,26.891,11.77,95,6,0.89,ZA,1726449874
311,laguna,38.421,-121.4238,21.8,54,0,8.23,US,1726449875
312,gisborne,-38.6533,178.0042,16.39,62,100,1.46,NZ,1726449876
313,roxas,11.5853,122.7511,25.98,92,100,4.33,PH,1726449878
314,sefrou,33.8319,-4.828,24.53,38,75,3.09,MA,1726449879
315,lata,40.1629,-8.3327,15.5,29,0,2.22,PT,1726449880
316,hithadhoo,-0.6,73.0833,28.39,75,99,4.2,MV,1726449881
317,forster,-32.1667,152.5167,18.54,46,0,4.56,AU,1726449882
318,moron,-34.6534,-58.6198,16.03,56,5,5.81,AR,1726449883
319,tacambaro de codallos,19.2333,-101.4667,18.04,99,100,1.07,MX,1726449884
320,hadithah,34.1397,42.3781,28.05,46,0,6.79,IQ,1726449885
321,akjoujt,19.6969,-14.4164,31.26,35,99,5.65,MR,1726449886
322,prince rupert,54.3161,-130.3201,13.05,82,100,8.23,CA,1726449887
323,yanchep,-31.55,115.6833,16.83,50,0,6.55,AU,1726449888
324,quatre cocos,-20.2078,57.7625,21.06,55,96,7.36,MU,1726449890
325,bamboo flat,11.7,92.7167,28.04,77,15,6.33,IN,1726449891
326,horqueta,-23.3428,-57.0597,15.77,98,12,1.69,PY,1726449892
327,battagram,34.6772,73.0233,18.82,40,0,2.38,PK,1726449893
328,codrington,-38.2667,141.9667,11.49,75,100,7.23,AU,1726449894
329,olinda,-8.0089,-34.8553,26.85,69,40,5.14,BR,1726449895
330,boma,11.7117,4.2472,24.8,87,12,2.41,NG,1726449896
331,hadibu,12.65,54.0333,25.05,82,41,7.48,YE,1726449897
332,daru,-9.0763,143.2092,25.16,89,100,7.14,PG,1726449898
333,gadarwara,22.9167,78.7833,21.76,94,100,2.99,IN,1726449899
334,la ronge,55.1001,-105.2842,15.14,72,100,2.57,CA,1726449901
335,avon park,27.5959,-81.5062,26.06,82,100,0.58,US,1726449903
336,presidente medici,-11.1753,-61.9014,31.66,35,49,1.61,BR,1726449904
337,mombaca,-5.7431,-39.6275,25.93,50,92,3.36,BR,1726449905
338,ndungu,-4.3667,38.05,19.33,90,56,0.45,TZ,1726449906
339,oyo,7.85,3.9333,22.13,99,96,1.99,NG,1726449907
340,phan rang-thap cham,11.5667,108.9833,29.22,61,100,0.56,VN,1726449908
341,brezina,33.0989,1.2608,26.62,41,100,2.66,DZ,1726449909
342,san buenaventura,27.0833,-101.5333,23.51,88,100,3.09,MX,1726449910
343,palmas,-10.2128,-48.3603,26.93,39,0,3.09,BR,1726449912
344,constantia,44.1833,28.65,12.61,94,24,5.68,RO,1726449913
345,barclayville,4.6797,-8.2339,23.75,88,100,2.72,LR,1726449914
346,san pedro pochutla,15.7333,-96.4667,28.73,83,100,1.53,MX,1726449915
347,dayrut,27.556,30.8076,28.13,48,0,4.37,EG,1726449916
348,hastings,50.8552,0.5729,14.39,40,100,3.49,GB,1726449917
349,constitucion,-35.3333,-72.4167,11.3,67,30,2.87,CL,1726449918
350,kaoma,-14.7833,24.8,20.63,27,0,3.57,ZM,1726449919
351,saint-joseph,-21.3667,55.6167,18.21,67,37,4.83,RE,1726449920
352,saint-dizier,48.4167,5.0833,7.78,91,100,2.08,FR,1726449921
353,kailua-kona,19.6406,-155.9956,29.99,62,20,4.12,US,1726449923
354,xinyuan,37.3,99.0,9.81,96,100,2.19,CN,1726449924
355,lamu,-2.2717,40.902,24.48,80,38,6.02,KE,1726449925
356,ogaki,35.35,136.6167,28.68,70,18,0.97,JP,1726449926
357,lae,-6.7221,146.9847,23.49,92,100,0.66,PG,1726449927
358,aswan,24.0934,32.907,29.61,37,0,2.57,EG,1726449928
359,ujae,8.9322,165.7642,27.81,78,100,8.19,MH,1726449929
360,fale old settlement,-9.3852,-171.2468,28.15,77,100,4.6,TK,1726449930
361,belyy yar,53.6039,91.3903,3.94,81,0,3.0,RU,1726449931
362,yahotyn,50.2798,31.7625,19.94,33,96,7.61,UA,1726449932
363,taunggyi,20.7833,97.0333,19.74,90,51,0.5,MM,1726449934
364,nouadhibou,20.931,-17.0347,20.99,88,0,6.17,MR,1726449935
365,malvan,16.0667,73.4667,25.42,79,98,0.87,IN,1726449936
366,kangding,30.0513,101.9603,17.04,96,100,1.59,CN,1726449937
367,praia da vitoria,38.7333,-27.0667,22.64,83,20,3.36,PT,1726449938
368,east london,-33.0153,27.9116,16.77,78,89,5.67,ZA,1726449939
369,anloga,5.7947,0.8973,24.72,89,18,6.48,GH,1726449940
370,santa rita do sapucai,-22.2522,-45.7033,19.49,44,10,1.8,BR,1726449941
371,verkhotur'ye,58.8627,60.8054,8.7,94,0,1.86,RU,1726449942
372,hinton,53.4001,-117.5857,14.51,59,45,0.55,CA,1726449943
373,flin flon,54.7682,-101.865,16.89,51,41,2.29,CA,1726449945
374,kuusamo,65.9667,29.1833,9.02,93,100,3.6,FI,1726449946
375,nevada,39.2502,-116.7512,19.3,16,23,8.56,US,1726449947
376,silivri,41.0802,28.226,16.03,83,0,2.05,TR,1726449948
377,tofol,5.3248,163.0078,28.88,84,75,1.54,FM,1726449949
378,pittsburg,38.028,-121.8847,19.05,64,0,7.2,US,1726449662
379,salinas,36.6777,-121.6555,17.29,83,20,6.17,US,1726449654
380,bigadic,39.3925,28.1311,16.79,64,0,0.69,TR,1726449952
381,tralee,52.2704,-9.7026,11.15,87,82,1.71,IE,1726449953
382,ormara,25.2088,64.6357,26.72,81,36,6.29,PK,1726449954
383,cascais,38.6979,-9.4215,23.64,54,0,1.34,PT,1726449957
384,nadym,65.5333,72.5167,7.26,67,24,5.58,RU,1726449958
385,tangalle,6.024,80.7911,26.19,88,79,4.67,LK,1726449959
386,vorkuta,67.5,64.0,12.33,98,98,4.0,RU,1726449961
387,galliano,29.4422,-90.2992,26.0,89,100,0.0,US,1726449962
388,asekeyevo,53.5742,52.7972,12.3,82,10,2.56,RU,1726449963
389,antsiranana,-12.2787,49.2917,21.51,70,0,8.32,MG,1726449964
390,horta,38.5333,-28.6333,22.79,82,100,4.92,PT,1726449965
391,mar del plata,-38.0023,-57.5575,11.72,72,0,1.54,AR,1726449967
392,curvelo,-18.7564,-44.4308,23.79,37,5,2.4,BR,1726449968
393,mount pearl,47.5166,-52.7813,8.74,86,20,3.6,CA,1726449969
394,metlili chaamba,32.2667,3.6333,24.52,50,0,2.06,DZ,1726449970
395,la sarre,48.8002,-79.1996,18.48,77,12,3.37,CA,1726449971
396,lihue,21.9789,-159.3672,28.77,67,20,6.17,US,1726449972
397,mossel bay,-34.1831,22.146,13.96,77,100,4.23,ZA,1726449973
398,taltal,-25.4,-70.4833,19.48,46,0,1.49,CL,1726449974
399,waitara,-38.925,174.25,12.07,85,100,9.63,NZ,1726449975
400,kupang,-10.1667,123.5833,30.32,62,20,3.09,ID,1726449977
401,ojuelos de jalisco,21.8667,-101.5833,21.22,57,60,3.58,MX,1726449978
402,talara,-4.5772,-81.2719,17.42,94,20,5.14,PE,1726449979
403,lisala,2.15,21.5167,21.41,96,100,0.51,CD,1726449980
404,chul'man,56.8479,124.9104,6.03,96,100,2.48,RU,1726449981
405,moapa valley,36.5805,-114.4703,33.98,14,0,11.17,US,1726449687
406,nikolayevsk-on-amure,53.1406,140.73,16.41,49,98,1.88,RU,1726449984
407,udachny,66.4167,112.4,1.65,79,100,3.64,RU,1726449986
408,ciudad lazaro cardenas,17.9583,-102.2,28.32,82,100,1.79,MX,1726449987
409,georgiyevka,43.0369,74.7114,8.02,87,99,3.0,KZ,1726449988
410,ipueiras,-7.0333,-40.45,25.29,42,2,3.51,BR,1726449989
411,salekhard,66.53,66.6019,12.54,94,29,4.19,RU,1726449990
412,konstantinovka,49.6167,127.9833,20.04,37,100,7.31,RU,1726449991
413,vredendal,-31.6683,18.5012,10.95,94,12,1.83,ZA,1726449992
414,kunming,25.0389,102.7183,15.96,94,100,1.0,CN,1726449993
415,grand falls-windsor,48.9332,-55.6649,9.17,86,100,1.49,CA,1726449994
416,fedorovka,53.6314,62.7078,11.36,90,26,5.29,KZ,1726449995
417,hengchun,22.0042,120.7439,29.98,64,100,3.57,TW,1726449997
418,puerto armuelles,8.2833,-82.8667,27.83,79,100,3.58,PA,1726449998
419,kushiro,42.975,144.3747,19.53,52,20,1.54,JP,1726449999
420,nago,26.5881,127.9761,28.86,86,100,6.53,JP,1726450001
421,rincon de la victoria,36.7172,-4.2758,22.14,76,100,2.46,ES,1726450002
422,sao felix do xingu,-6.6447,-51.995,27.66,34,21,1.21,BR,1726450003
423,ustka,54.5805,16.8619,16.93,93,100,6.24,PL,1726450004
424,feodosiya,45.0333,35.3833,21.46,45,100,6.11,UA,1726450005
425,jibou,47.2667,23.25,9.3,95,100,2.08,RO,1726450006
426,yaren,-0.5472,166.916,28.33,69,3,3.68,NR,1726450008
427,bousso,10.4795,16.7117,22.06,90,100,1.43,TD,1726450009
428,coahuayana de hidalgo,18.7,-103.6583,26.87,91,100,0.95,MX,1726450010
429,curillo,1.0333,-75.9191,26.65,60,39,0.57,CO,1726450011
430,ghat,24.9647,10.1728,30.55,34,10,1.2,LY,1726450012
431,staufen,47.75,8.2167,5.04,82,98,2.15,DE,1726450013
432,muang phon-hong,18.4928,102.4172,25.21,92,93,0.91,LA,1726450014
433,tomatlan,19.9333,-105.25,26.86,90,100,0.94,MX,1726450015
434,bueng kan,18.363,103.6519,25.69,92,73,1.4,TH,1726450016
435,barah,13.7,30.3667,27.23,64,12,4.14,SD,1726450019
436,road town,18.4167,-64.6167,29.02,84,40,2.06,VG,1726450020
437,puerto baquerizo moreno,-0.9,-89.6,21.26,86,100,5.58,EC,1726450021
438,auna,10.1881,4.7232,24.29,94,100,0.32,NG,1726450022
439,paka,4.6374,103.4368,25.96,89,20,0.0,MY,1726450023
440,bay roberts,47.5999,-53.2648,9.4,87,26,2.24,CA,1726450024
441,drammen,59.7439,10.2045,14.27,93,100,2.3,NO,1726450025
442,portland,45.5234,-122.6762,18.99,69,75,3.6,US,1726449338
443,port douglas,-16.4833,145.4667,23.73,81,99,7.64,AU,1726450028
444,zhanaozen,43.3,52.8,16.53,43,0,4.41,KZ,1726450030
445,le port,-20.9373,55.2919,21.34,75,46,3.08,RE,1726450032
446,mount isa,-20.7333,139.5,27.87,23,0,8.23,AU,1726450033
447,eagle point,42.4726,-122.8028,20.01,44,75,5.66,US,1726450006
448,tingi,-11.3,35.0333,16.62,49,0,2.35,TZ,1726450035
449,clodomira,-27.5744,-64.1311,17.5,24,0,3.49,AR,1726450036
450,imbituba,-28.24,-48.6703,12.83,92,100,2.99,BR,1726450037
451,sao vicente,-23.9631,-46.3919,18.88,26,100,2.85,BR,1726450038
452,tanuma,36.3667,139.5833,27.68,76,68,4.5,JP,1726450039
453,chapeco,-27.0964,-52.6183,11.93,100,100,0.89,BR,1726450041
454,okhotsk,59.3833,143.3,11.03,58,100,3.43,RU,1726450042
455,balikpapan,-1.2675,116.8289,28.55,74,100,3.6,ID,1726450043
456,bhamo,24.2667,97.2333,25.29,86,100,0.1,MM,1726450044
457,xinmin,41.9908,122.8253,19.82,71,62,3.84,CN,1726450045
458,porto novo,6.4965,2.6036,24.5,93,100,3.35,BJ,1726450046
459,al bawiti,28.3492,28.8659,25.56,65,0,3.99,EG,1726450047
460,bathurst,-33.4166,149.5806,13.87,36,0,2.24,AU,1726450048
461,skeldon,5.8833,-57.1333,26.16,83,88,2.62,GY,1726450049
462,afua,-0.1567,-50.3867,25.73,82,15,3.42,BR,1726450050
463,hauterive,46.0901,3.4459,7.13,92,100,0.87,FR,1726450053
464,bethal,-26.4579,29.4655,14.75,51,100,1.65,ZA,1726450054
465,lianjiang,21.6467,110.2817,27.86,81,79,2.07,CN,1726450055
466,mocajuba,-2.5842,-49.5072,26.52,59,88,1.12,BR,1726450056
467,kapuskasing,49.4169,-82.4331,22.0,78,40,3.6,CA,1726450057
468,qamdo,31.1667,97.2333,9.44,75,100,1.81,CN,1726450058
469,bubaque,11.2833,-15.8333,25.46,90,100,7.9,GW,1726450059
470,port lincoln,-34.7333,135.8667,12.66,62,2,5.33,AU,1726450060
471,indramayu,-6.3264,108.32,27.11,55,2,3.77,ID,1726450061
472,novyy urengoy,66.0833,76.6333,6.69,56,86,5.42,RU,1726450063
473,bandon,51.7469,-8.7425,12.77,89,33,1.41,IE,1726450064
474,soroca,48.1558,28.2975,18.69,46,100,5.89,MD,1726450065
475,afaahiti,-17.75,-149.2833,24.64,80,48,3.28,PF,1726450066
476,seven pagodas,12.6264,80.1722,27.48,62,33,4.62,IN,1726450067
477,dudinka,69.4058,86.1778,5.08,63,85,7.06,RU,1726450068
478,mandera,3.9366,41.867,24.99,61,17,6.31,KE,1726450069
479,calingasta,-31.3308,-69.4078,15.35,28,0,2.17,AR,1726450070
480,khanpur,28.6453,70.6567,28.35,59,0,3.98,PK,1726450071
481,new plymouth,-39.0667,174.0833,11.0,90,100,7.63,NZ,1726450072
482,pacocha,-17.5833,-71.3333,15.35,88,65,0.74,PE,1726450073
483,mahriz,31.5917,54.4318,20.92,27,90,1.23,IR,1726450075
484,porto seguro,-16.4497,-39.0647,24.29,83,75,3.09,BR,1726450076
485,uturoa,-16.7333,-151.4333,26.13,78,50,2.97,PF,1726450077
486,puerto madryn,-42.7692,-65.0385,13.94,31,100,5.68,AR,1726450078
487,bodo,67.28,14.405,12.19,65,0,4.63,NO,1726450079
488,horsham,51.064,-0.3272,13.9,85,40,1.54,GB,1726450081
489,traverse city,44.7631,-85.6206,20.06,82,63,0.71,US,1726450082
490,tobati,-25.25,-57.0667,17.6,87,0,1.15,PY,1726450083
491,waspan,14.7419,-83.9717,25.99,94,100,1.56,NI,1726450085
492,kurumkan,54.3,110.3,7.62,59,15,2.39,RU,1726450086
493,alaghsas,17.0187,8.0168,31.12,44,98,5.55,NE,1726450087
494,miyaly,48.8844,53.7836,16.59,50,71,4.82,KZ,1726450088
495,plastun,44.7561,136.2939,18.49,43,50,2.05,RU,1726450089
496,guerrero negro,27.9769,-114.0611,20.4,70,0,7.78,MX,1726450090
497,mount hagen,-5.8581,144.2274,21.42,73,75,1.54,PG,1726450091
498,singkil,-7.9855,111.4161,26.92,57,87,2.85,ID,1726450092
499,nuuk,64.1835,-51.7216,3.34,100,100,1.03,GL,1726449913
500,hanceville,34.0607,-86.7675,23.95,79,90,3.79,US,1726450095
501,sikonge,-5.6333,32.7667,19.71,30,5,3.54,TZ,1726450097
502,barka kana,23.6167,85.4833,23.55,97,100,8.56,IN,1726450098
503,flying fish cove,-10.4217,105.6791,26.82,78,75,4.12,CX,1726450099
504,kozan,37.4552,35.8157,22.88,76,85,1.01,TR,1726450100
505,berdigestyakh,62.0989,126.6992,5.32,53,0,1.56,RU,1726450101
506,muroto-misakicho,33.2833,134.15,28.53,80,20,3.8,JP,1726450102
507,nguigmi,14.2495,13.1092,31.29,50,100,5.33,NE,1726450103
508,aykhal,66.0,111.5,0.0,87,100,2.68,RU,1726450105
509,susuman,62.7833,148.1667,2.03,61,100,2.05,RU,1726450107
510,box elder,41.5005,-112.8764,22.63,44,96,7.85,US,1726450108
511,kendari,-3.945,122.4989,28.33,60,99,0.94,ID,1726450109
512,victorica,-36.2151,-65.4359,14.83,20,0,2.75,AR,1726450110
513,totness,5.8833,-56.3167,27.19,78,9,4.05,SR,1726450111
514,vadodara,22.3,73.2,25.98,83,7,2.06,IN,1726450112
515,el jadid,33.2549,-8.506,21.39,88,1,4.23,MA,1726450113
516,suva,-18.1416,178.4415,29.71,66,75,3.09,FJ,1726450114
517,igbor,7.4527,8.6098,22.92,97,65,2.25,NG,1726450115
518,fort mcmurray,56.7268,-111.381,15.77,67,100,1.54,CA,1726450116
519,ola,59.5833,151.2833,9.87,58,33,5.09,RU,1726450117
520,magadan,59.5667,150.8,9.16,61,40,1.67,RU,1726450119
521,ayorou,14.7308,0.9174,29.14,66,13,4.93,NE,1726450121
522,sal rei,16.1833,-22.9167,25.35,79,99,3.58,CV,1726450122
523,turkmenbasy,40.0222,52.9552,12.43,58,0,0.0,TM,1726450123
524,tubarjal,30.4999,38.216,22.62,63,0,6.61,SA,1726450124
525,laojunmiao,39.8333,97.7333,13.22,71,84,3.68,CN,1726450125
526,kimberley,-28.7323,24.7623,11.83,26,33,3.09,ZA,1726450126
527,richards bay,-28.783,32.0377,19.52,91,100,2.18,ZA,1726450127
528,tolanaro,-25.0319,46.9987,19.04,88,0,0.0,MG,1726450129
529,pass christian,30.3158,-89.2475,26.03,78,0,0.0,US,1726450130
530,shakawe,-18.3667,21.85,22.67,23,90,1.25,BW,1726450131
531,mwinilunga,-11.7358,24.4293,18.54,32,0,1.8,ZM,1726450132
532,mount gambier,-37.8333,140.7667,11.61,60,100,3.89,AU,1726450133
533,nagqu,31.5,92.0,4.98,74,8,1.74,CN,1726450134
534,chonchi,-42.6128,-73.8092,3.93,97,17,1.25,CL,1726450135
535,tosontsengel,48.7567,98.2839,3.7,63,0,1.29,MN,1726450136
536,cruzeiro do sul,-29.5128,-51.9853,16.4,92,97,0.99,BR,1726450137
537,cestos city,5.46,-9.5828,24.77,87,100,4.62,LR,1726450138
538,diego de almagro,-26.3667,-70.05,17.58,22,0,0.85,CL,1726450140
539,watertown,42.3709,-71.1828,18.52,72,0,3.09,US,1726450141
540,mezhdurechensk,53.6942,88.0603,1.21,91,69,0.58,RU,1726450142
541,peniche,39.3558,-9.3811,16.78,88,0,4.17,PT,1726450143
542,somotillo,13.0433,-86.9064,26.63,91,100,1.02,NI,1726450144
543,bechar,31.6167,-2.2167,26.18,38,40,11.32,DZ,1726450145
544,bumba,2.1833,22.4667,22.17,98,100,1.48,CD,1726450146
545,palmer,42.1584,-72.3287,18.06,68,0,1.75,US,1726450147
546,mandan,46.8267,-100.8896,23.99,67,0,4.63,US,1726450148
547,alliance,40.9153,-81.1059,20.12,57,0,4.11,US,1726450149
548,port augusta,-32.5,137.7667,15.98,33,0,3.4,AU,1726450152
549,vrangel',42.7297,133.0839,17.77,62,100,3.5,RU,1726450153
550,muscat,23.6139,58.5922,30.11,73,100,3.14,OM,1726450154
551,taroudant,30.4703,-8.877,19.56,84,1,1.87,MA,1726450155
552,sisimiut,66.9395,-53.6735,2.76,87,93,3.04,GL,1726450156
553,jayapura,-2.5333,140.7,30.66,64,52,1.85,ID,1726450157
554,chopinzinho,-25.8558,-52.5233,12.69,93,100,4.11,BR,1726450158
555,kulhudhuffushi,6.6221,73.07,27.61,78,0,3.98,MV,1726450159
556,sur,22.5667,59.5289,27.57,63,1,5.03,OM,1726450161
557,aghstafa,41.1189,45.4539,17.33,48,100,0.59,AZ,1726450162
558,asau,46.4333,26.4,11.91,94,100,1.3,RO,1726450163
559,iwanai,42.9744,140.5089,20.76,47,0,1.82,JP,1726450164
560,kollam,8.8833,76.6,25.48,89,39,3.0,IN,1726450165
561,el alto,-4.2714,-81.2147,16.57,86,16,7.02,PE,1726450166
562,vanersborg,58.3807,12.3234,8.1,98,100,0.51,SE,1726450167
563,brisas de zicatela,15.8369,-97.0419,29.29,79,40,0.0,MX,1726450168
564,maceio,-9.6658,-35.7353,21.69,94,20,1.54,BR,1726450169
565,el nido,11.1858,119.3956,25.08,94,100,9.19,PH,1726450170
566,kruisfontein,-34.0033,24.7314,13.5,86,100,3.92,ZA,1726450172
567,sona,45.4388,10.8255,16.03,63,40,2.57,IT,1726450173
568,ha'il,27.5219,41.6907,27.01,32,0,1.03,SA,1726450174
569,burley,42.5357,-113.7928,18.98,59,75,3.6,US,1726450175
570,varna,43.2167,27.9167,12.71,93,100,1.54,BG,1726450176
571,golfito,8.639,-83.166,23.58,94,100,0.61,CR,1726450177
572,tonekabon,36.8163,50.8738,20.97,69,90,1.26,IR,1726450178
573,montepuez,-13.1256,38.9997,18.41,95,44,1.54,MZ,1726450179
574,kingaroy,-26.5333,151.8333,18.71,33,0,4.18,AU,1726450180
575,holualoa,19.6228,-155.9522,27.92,66,20,4.12,US,1726449948
576,lewistown,40.5992,-77.5714,19.67,77,0,0.0,US,1726450183
577,marsa alam,25.0757,34.8918,29.58,51,0,4.08,EG,1726449978
578,mohr,54.3528,9.7167,14.46,88,100,0.68,DE,1726450185
579,say,13.1007,2.3689,26.81,80,12,2.77,NE,1726450186
580,argo,37.6333,22.7333,17.44,63,0,1.95,GR,1726450187
581,acapulco de juarez,16.8634,-99.8901,29.9,79,100,1.54,MX,1726450079
582,busan,35.1028,129.0403,27.99,69,75,5.66,KR,1726449520
583,kolonia town,6.964,158.206,28.06,83,100,2.06,FM,1726450190
584,'ain el hadjar,34.7585,0.1453,21.01,40,50,1.33,DZ,1726450191
